{
    "2": [
        4821,
        1665030193.637052
    ],
    "3472054691": [
        1932,
        1665110348.1042097
    ]
}