{
    "2": [
        4821,
        1665030193.637052
    ],
    "3472054691": [
        8679,
        16660702306.1968024
    ]
}